{
    "High BPM": {
        "bpm": 200.0,
        "strong": [
            232321041.3545249,
            120964146.21785365,
            404883779.84702384
        ],
        "mid": [
            3661296136.9831266,
            1906351521.6224346,
            6380822908.540704
        ],
        "high": [
            1793120295.5338209,
            933635926.7932382,
            3125008913.4337893
        ]
    }
}